<?xml version="1.0" encoding="UTF-8"?>
<project-private xmlns="http://www.netbeans.org/ns/project-private/1">
    <editor-bookmarks xmlns="http://www.netbeans.org/ns/editor-bookmarks/2" lastBookmarkId="0"/>
    <open-files xmlns="http://www.netbeans.org/ns/projectui-open-files/2">
        <group>
            <file>file:/E:/xampp/htdocs/blog/app/Http/Controllers/CheckoutController.php</file>
            <file>file:/E:/xampp/htdocs/blog/app/Http/Controllers/CartController.php</file>
            <file>file:/E:/xampp/htdocs/blog/resources/views/layouts/app.blade.php</file>
            <file>file:/E:/xampp/htdocs/blog/routes/web.php</file>
            <file>file:/E:/xampp/htdocs/blog/resources/views/frontEnd/checkout/checkoutContent.blade.php</file>
            <file>file:/E:/xampp/htdocs/blog/resources/views/frontEnd/checkout/shippingContent.blade.php</file>
            <file>file:/E:/xampp/htdocs/blog/resources/views/frontEnd/includes/menu.blade.php</file>
            <file>file:/E:/xampp/htdocs/blog/resources/views/frontEnd/customer/customerHome.blade.php</file>
            <file>file:/E:/xampp/htdocs/blog/resources/views/frontEnd/cart/showCart.blade.php</file>
        </group>
    </open-files>
</project-private>
